{
  "environment" : "Catch",
  "summary" : "TODO",
  "title" : "Программирование-2",
  "programming_language" : "ObjectiveC",
  "language" : "ru",
  "course_type" : "PyCharm",
  "items" : [
    {
      "title" : "Input_output",
      "task_list" : [
        {
          "name" : "io",
          "files" : {
            "CMakeLists.txt" : {
              "name" : "CMakeLists.txt",
              "placeholders" : [ ],
              "is_visible" : false,
              "text" : "cmake_minimum_required(VERSION 3.20)\n\nproject(global-Input_output-Hello_world)\n\nset(CMAKE_CXX_STANDARD 14)\n\n# Files from `./src` directory\nset(SRC\n        src/hello.c)\n\n\n# Running learner side code\n# Use PROJECT_NAME dependent names of targets for the plugin support to work correctly.\nadd_executable(${PROJECT_NAME}-run ${SRC})"
            },
            "src/hello.c" : {
              "name" : "src/hello.c",
              "placeholders" : [
                {
                  "offset" : 84,
                  "length" : 10,
                  "possible_answer" : "std::cout << \"Hello, world\" << std::endl",
                  "placeholder_text" : "/* TODO */"
                }
              ],
              "is_visible" : true,
              "text" : "#include <iostream>\n\nint main() {\n    std::cout << \"Hello, world\" << std::endl;\n    /* TODO */;\n\n    return 0;\n}"
            }
          },
          "description_text" : "# Ввод и вывод на консоль\n\n## Стандартные потоки ввода/вывода\n\nВ языке C для вывода текста на экран и ввода текста с клавиатуры мы использовали функции `printf` и `scanf` \nиз стандартной библиотеки `stdio.h`.\n\n```c\n#include <stdio.h>\n\nint main() {\n    int x;\n    scanf(\"%d\", &x);\n    printf(\"x = %d\\n\", x);\n\n    return 0;\n}\n```\n\nВ C++ можно продолжать использовать `stdio.h`, но появляются и более удобные альтернативы.\nСтандартная библиотека `iostream` предоставляет возможности для работы с _потоками_ ввода и вывода на консоль:\n`std::cin` и `std::cout`.\n\n```c++\n#include <iostream>\n\nint main() {\n    int x;\n    std::cin >> x;\n    \n    std::cout << \"x = \" << x;\n    std::cout << std::endl;\n    \n    return 0;\n}\n```\n\nОператор `>>` используется для стения значения из потока, оператор `<<` для записи в поток.\nНесколько операций четния или записи можно объединять в цепочки для карткости.\n\nСпециальное значение `std::endl` используется для записи символа конца строки (аналогично `'\\n'`).\n\n\n## Пространство имён `std`\n\nПрефикс `std::` перед именами потоков `cin`/`cout`, а также перед многими другими именами из стандартной библиотеки,\nобозначает, что эти имена находятся в отдельном _пространстве имён_ `std` (standard).\n\nОператор `::` используется для указания того, в каком пространстве имён (слева) нужно искать данное имя (справа).\n\nПространства имён в языке C++ используются для предотвращения конфликтов имён в крупных (и не только) проектах.\nТак, например, в стандартной библиотеке объявлена сущсность с именем `std::vector`.\nЕсли бы этот `vector` не был сокрыт в пространстве имён `std`, мы бы не смогли создавать свои сущности с таким именем в\nсвоих программах (а мы захотим), как не смогли бы и использовать множество сторонних библиотек, предоставляющих поддержку\nлинейной алгебры. Разделение на пространства имён позволяет избежать подобных проблем.\n\nВ случаях, когда приходится активно работать с некоторым пространствои имён или определёнными его членами,\nможно \"подключить\" все или часть элементов к глобальному пространству имён:\n```c++\n#include <iostream>\n\n// для всех\nusing namespace std;\n\n// или отльельно для каждого\nusing namespace std::cin;\nusing namespace std::cout;\nusing namespace std::endl;\n\nint main() {\n    int x;\n    cin >> x;\n    \n    cout << \"x = \" << x;\n    cout << endl;\n    \n    return 0;\n}\n```\nНе стоит злоупотреблять этой возможностью, однако для `std` такой подход кажется приемлимым.\n",
          "description_format" : "MD",
          "feedback_link" : {
            "link_type" : "STEPIK"
          },
          "task_type" : "theory"
        }
      ],
      "type" : "lesson"
    },
    {
      "title" : "lesson1",
      "task_list" : [
        {
          "name" : "task1",
          "files" : {
            "CMakeLists.txt" : {
              "name" : "CMakeLists.txt",
              "placeholders" : [ ],
              "is_visible" : false,
              "text" : "cmake_minimum_required(VERSION 3.20)\n\nproject(global-lesson1-task1)\n\nset(CMAKE_CXX_STANDARD 14)\n\n# Files from `./src` directory\nset(SRC\n        src/task.cpp)\n\n# Files from `./test` directory\nset(TEST\n        test/test.cpp)\n\n\n# Running learner side code\n# Use PROJECT_NAME dependent names of targets for the plugin support to work correctly.\nadd_executable(${PROJECT_NAME}-run ${SRC})\n\n# Running tests\n# Use PROJECT_NAME dependent names of targets for the plugin support to work correctly.\nconfigure_test_target(${PROJECT_NAME}-test ${SRC} ${TEST})"
            },
            "src/task.cpp" : {
              "name" : "src/task.cpp",
              "placeholders" : [ ],
              "is_visible" : true,
              "text" : "// todo: replace this with an actual task\nint sum(int a, int b) {\n    return a + b;\n}"
            },
            "test/test.cpp" : {
              "name" : "test/test.cpp",
              "placeholders" : [ ],
              "is_visible" : false,
              "text" : "// Indicates that the `main` function is need to be set.\n// Add this directive only in a one test file!\n#define CATCH_CONFIG_MAIN\n\n#include <catch.hpp>\n\n// Headers of objects that student should implement:\nint sum(int a, int b);\n\n\n// Tests:\n// todo: replace this with an actual test\nTEST_CASE(\"Simple\", \"[SumTest]\") {\n    REQUIRE(sum(1, 2) == 3);\n}"
            }
          },
          "description_text" : "<html>\n\n<h2>Task Description: Tips & Tricks</h2>\n\n<p>This is a task description file.\nIts content will be displayed to a learner\nin the <strong>Task Description</strong> window.</p>\n\n<p>It supports both Markdown and HTML.\nTo toggle the format, you can rename <strong>task.md</strong>\nto <strong>task.html</strong>, or vice versa.\nThe default task description format can be changed\nin <strong>Preferences | Tools | Education</strong>,\nbut this will not affect any existing task description files.</p>\n\n<p>The following features are available in\n<strong>task.md/task.html</strong>\nwhich are specific to the EduTools plugin:</p>\n\n<ul>\n<li>Hints can be added anywhere in the task text.\nType \"hint\" and press Tab.\nHints should be added to an empty line in the task text.\nIn hints you can use both HTML and Markdown.\n<div class=\"hint\">Text of your hint</div></li>\n\n<li>You may need to refer your learners to a particular lesson,\ntask, or file. To achieve this, you can use the in-course links.\nSpecify the path using the <code>&lt;a href=\"course://lesson1/task1/file1\"&gt;\nlink_text&lt;/a&gt;</code> <a href=\"course://lesson1/task1/src/task.cpp\">link</a> format.</li><br>\n\n<li>You can insert shortcuts in the task description.\nWhile <strong>task.html/task.md</strong> is open,\nright-click anywhere on the <strong>Editor</strong> tab\nand choose the <strong>Insert shortcut</strong> option\nfrom the context menu.\nFor example: &amp;shortcut:FileStructurePopup;.</li><br>\n\n<li>Insert the &percnt;<code>IDE_NAME</code>&percnt; macro,\nwhich will be replaced by the actual IDE name.\nFor example, <strong>%IDE_NAME%</strong>.</li><br>\n\n<li>Insert PSI elements, by using links like\n<code>&lt;a href=\"psi_element://link.to.element\"&gt;element description&lt;/a&gt;</code>.\nTo get such a link, right-click the class or method\nand select <strong>Copy Reference</strong>.\nThen press &amp;shortcut:EditorPaste;\nto insert the link where appropriate.\nFor example, a\n<a href=\"psi_element://java.lang.String#contains\">link to the \"contains\" method</a>.</li>\n</ul>\n</html>",
          "description_format" : "HTML",
          "feedback_link" : {
            "link_type" : "STEPIK"
          },
          "task_type" : "edu"
        }
      ],
      "type" : "lesson"
    }
  ],
  "additional_files" : [
    {
      "name" : "cmake/catch.cmake",
      "placeholders" : [ ],
      "is_visible" : true,
      "text" : "macro(fetch_catch _test_dir)\n    set(CATCH_HEADER \"${_test_dir}/catch.hpp\")\n\n    if (NOT EXISTS ${CATCH_HEADER})\n        set(CATCH_URL \"https://raw.githubusercontent.com/catchorg/Catch2/de6fe184a9ac1a06895cdd1c9b437f0a0bdf14ad/single_include/catch2/catch.hpp\")\n        file(DOWNLOAD ${CATCH_URL} ${CATCH_HEADER} SHOW_PROGRESS)\n        unset(CATCH_URL)\n    endif ()\n\n    include_directories(\"${_test_dir}\")\nendmacro()"
    },
    {
      "name" : "cmake/utils.cmake",
      "placeholders" : [ ],
      "is_visible" : true,
      "text" : "macro(add_subprojects _base_dir)\n    # Find all CMakeLists.txt paths\n    file(GLOB_RECURSE _cmake_files RELATIVE \"${_base_dir}\" CMakeLists.txt)\n    # Collect all subdirectories containing CMakeLists.txt\n    set(_dirs)\n    foreach (file_path ${_cmake_files})\n        get_filename_component(_dir_path ${file_path} PATH)\n        list(APPEND _dirs ${_dir_path})\n    endforeach ()\n\n    unset(_cmake_files)\n    unset(_dir_path)\n\n    # Add all finded directories\n    foreach (dir ${_dirs})\n        add_subdirectory(${dir})\n    endforeach ()\nendmacro()\n\nmacro(configure_test_target _target_name _src_files _test_files)\n    set(_src_part_lib ${_target_name}-src-part)\n\n    # Create utility library to separate src files from test files\n    add_library(${_src_part_lib} STATIC ${_src_files})\n\n    # Rename learners main function to prevent overloading or name conflicts\n    # It will rename symbols only in files from `_src_files` set\n    string(SHA1 _hash _target_name)\n    target_compile_definitions(${_src_part_lib} PRIVATE main=main${_hash})\n    unset(_hash)\n\n    # Create test executable target\n    add_executable(${_target_name} ${_test_files})\n\n    # Add files from `_src_files` set to target\n    target_link_libraries(${_target_name} ${_src_part_lib})\n\n    unset(_test_source)\nendmacro()"
    },
    {
      "name" : "CMakeLists.txt",
      "placeholders" : [ ],
      "is_visible" : true,
      "text" : "# This file handles building each task as sub-project.\n#\n# Each task becomes an independent project in which you can experiment.\n#\n# Tasks are added as separate sub-projects so as compilation errors in\n# one task don't affect another task.\n\ncmake_minimum_required(VERSION 3.20)\n\nproject(interactive)\n\nset(TEST_DIR ${PROJECT_SOURCE_DIR}/test-framework)\n\ninclude(cmake/catch.cmake)\nfetch_catch(${TEST_DIR})\n\n# Add tasks subprojects\ninclude(cmake/utils.cmake)\nadd_subprojects(${PROJECT_SOURCE_DIR})"
    }
  ],
  "version" : 11
}